Workbook

Sheet Emp Info
A1: FullName | B1: PrimaryEmail🔂 | C1: sapce | D1: FirstName 🔂 | E1: LastName 🔂 | F1: PrimaryEmail | G1: Password 🔂
A2: Aman Hans | B2: =IFERROR(__xludf.DUMMYFUNCTION("IF(A2<>"""", IF(COUNTA(SPLIT(TRIM(A2), "" ""))=1, LOWER(TRIM(A2)) & ""@zupee.in"", LOWER(INDEX(SPLIT(TRIM(A2), "" ""), 1)) & ""."" & LOWER(INDEX(SPLIT(TRIM(A2), "" ""), COUNTA(SPLIT(TRIM(A2), "" "")))) & ""@zupee.in"" ), """")"),"aman.hans@zupee.in") -> aman.hans@zupee.in | D2: =IFERROR(LEFT('Emp Info'!A2,SEARCH(" ",'Emp Info'!A2)-1),'Emp Info'!A2) -> Aman | E2: =IF(ISBLANK('Emp Info'!A2), "", IFERROR(RIGHT('Emp Info'!A2,LEN('Emp Info'!A2)-SEARCH(" ",'Emp Info'!A2,1)),".")) -> Hans | F2: =IFERROR(__xludf.DUMMYFUNCTION("IF('Emp Info'!A2<>"""", IF(COUNTA(SPLIT(TRIM('Emp Info'!A2), "" ""))=1, LOWER(TRIM('Emp Info'!A2)) & ""@zupee.in"", LOWER(INDEX(SPLIT(TRIM('Emp Info'!A2), "" ""), 1)) & ""."" & LOWER(INDEX(SPLIT(TRIM('Emp Info'!A2), "" ""), COUNTA(SPLIT("&"TRIM('Emp Info'!A2), "" "")))) & ""@zupee.in"" ), """")"),"aman.hans@zupee.in") -> aman.hans@zupee.in
A3: Harshit Kumar Singh | B3: =IFERROR(__xludf.DUMMYFUNCTION("IF(A3<>"""", IF(COUNTA(SPLIT(TRIM(A3), "" ""))=1, LOWER(TRIM(A3)) & ""@zupee.in"", LOWER(INDEX(SPLIT(TRIM(A3), "" ""), 1)) & ""."" & LOWER(INDEX(SPLIT(TRIM(A3), "" ""), COUNTA(SPLIT(TRIM(A3), "" "")))) & ""@zupee.in"" ), """")"),"harshit.singh@zupee.in") -> harshit.singh@zupee.in | D3: =IFERROR(LEFT('Emp Info'!A3,SEARCH(" ",'Emp Info'!A3)-1),'Emp Info'!A3) -> Harshit | E3: =IF(ISBLANK('Emp Info'!A3), "", IFERROR(RIGHT('Emp Info'!A3,LEN('Emp Info'!A3)-SEARCH(" ",'Emp Info'!A3,1)),".")) -> Kumar Singh | F3: =IFERROR(__xludf.DUMMYFUNCTION("IF('Emp Info'!A3<>"""", IF(COUNTA(SPLIT(TRIM('Emp Info'!A3), "" ""))=1, LOWER(TRIM('Emp Info'!A3)) & ""@zupee.in"", LOWER(INDEX(SPLIT(TRIM('Emp Info'!A3), "" ""), 1)) & ""."" & LOWER(INDEX(SPLIT(TRIM('Emp Info'!A3), "" ""), COUNTA(SPLIT("&"TRIM('Emp Info'!A3), "" "")))) & ""@zupee.in"" ), """")"),"harshit.singh@zupee.in") -> harshit.singh@zupee.in
B4: =IFERROR(__xludf.DUMMYFUNCTION("IF(A4<>"""", IF(COUNTA(SPLIT(TRIM(A4), "" ""))=1, LOWER(TRIM(A4)) & ""@zupee.in"", LOWER(INDEX(SPLIT(TRIM(A4), "" ""), 1)) & ""."" & LOWER(INDEX(SPLIT(TRIM(A4), "" ""), COUNTA(SPLIT(TRIM(A4), "" "")))) & ""@zupee.in"" ), """")"),"") | E4: =IF(ISBLANK('Emp Info'!A4), "", IFERROR(RIGHT('Emp Info'!A4,LEN('Emp Info'!A4)-SEARCH(" ",'Emp Info'!A4,1)),"."))
B5: =IFERROR(__xludf.DUMMYFUNCTION("IF(A5<>"""", IF(COUNTA(SPLIT(TRIM(A5), "" ""))=1, LOWER(TRIM(A5)) & ""@zupee.in"", LOWER(INDEX(SPLIT(TRIM(A5), "" ""), 1)) & ""."" & LOWER(INDEX(SPLIT(TRIM(A5), "" ""), COUNTA(SPLIT(TRIM(A5), "" "")))) & ""@zupee.in"" ), """")"),"")
B6: =IFERROR(__xludf.DUMMYFUNCTION("IF(A6<>"""", IF(COUNTA(SPLIT(TRIM(A6), "" ""))=1, LOWER(TRIM(A6)) & ""@zupee.in"", LOWER(INDEX(SPLIT(TRIM(A6), "" ""), 1)) & ""."" & LOWER(INDEX(SPLIT(TRIM(A6), "" ""), COUNTA(SPLIT(TRIM(A6), "" "")))) & ""@zupee.in"" ), """")"),"")
B7: =IFERROR(__xludf.DUMMYFUNCTION("IF(A7<>"""", IF(COUNTA(SPLIT(TRIM(A7), "" ""))=1, LOWER(TRIM(A7)) & ""@zupee.in"", LOWER(INDEX(SPLIT(TRIM(A7), "" ""), 1)) & ""."" & LOWER(INDEX(SPLIT(TRIM(A7), "" ""), COUNTA(SPLIT(TRIM(A7), "" "")))) & ""@zupee.in"" ), """")"),"")
B8: =IFERROR(__xludf.DUMMYFUNCTION("IF(A8<>"""", IF(COUNTA(SPLIT(TRIM(A8), "" ""))=1, LOWER(TRIM(A8)) & ""@zupee.in"", LOWER(INDEX(SPLIT(TRIM(A8), "" ""), 1)) & ""."" & LOWER(INDEX(SPLIT(TRIM(A8), "" ""), COUNTA(SPLIT(TRIM(A8), "" "")))) & ""@zupee.in"" ), """")"),"")
B9: =IFERROR(__xludf.DUMMYFUNCTION("IF(A9<>"""", IF(COUNTA(SPLIT(TRIM(A9), "" ""))=1, LOWER(TRIM(A9)) & ""@zupee.in"", LOWER(INDEX(SPLIT(TRIM(A9), "" ""), 1)) & ""."" & LOWER(INDEX(SPLIT(TRIM(A9), "" ""), COUNTA(SPLIT(TRIM(A9), "" "")))) & ""@zupee.in"" ), """")"),"")
B10: =IFERROR(__xludf.DUMMYFUNCTION("IF(A10<>"""", IF(COUNTA(SPLIT(TRIM(A10), "" ""))=1, LOWER(TRIM(A10)) & ""@zupee.in"", LOWER(INDEX(SPLIT(TRIM(A10), "" ""), 1)) & ""."" & LOWER(INDEX(SPLIT(TRIM(A10), "" ""), COUNTA(SPLIT(TRIM(A10), "" "")))) & ""@zupee.in"" ), """&""")"),"")
B11: =IFERROR(__xludf.DUMMYFUNCTION("IF(A11<>"""", IF(COUNTA(SPLIT(TRIM(A11), "" ""))=1, LOWER(TRIM(A11)) & ""@zupee.in"", LOWER(INDEX(SPLIT(TRIM(A11), "" ""), 1)) & ""."" & LOWER(INDEX(SPLIT(TRIM(A11), "" ""), COUNTA(SPLIT(TRIM(A11), "" "")))) & ""@zupee.in"" ), """&""")"),"")
B12: =IFERROR(__xludf.DUMMYFUNCTION("IF(A12<>"""", IF(COUNTA(SPLIT(TRIM(A12), "" ""))=1, LOWER(TRIM(A12)) & ""@zupee.in"", LOWER(INDEX(SPLIT(TRIM(A12), "" ""), 1)) & ""."" & LOWER(INDEX(SPLIT(TRIM(A12), "" ""), COUNTA(SPLIT(TRIM(A12), "" "")))) & ""@zupee.in"" ), """&""")"),"")
B13: =IFERROR(__xludf.DUMMYFUNCTION("IF(A13<>"""", IF(COUNTA(SPLIT(TRIM(A13), "" ""))=1, LOWER(TRIM(A13)) & ""@zupee.in"", LOWER(INDEX(SPLIT(TRIM(A13), "" ""), 1)) & ""."" & LOWER(INDEX(SPLIT(TRIM(A13), "" ""), COUNTA(SPLIT(TRIM(A13), "" "")))) & ""@zupee.in"" ), """&""")"),"")
B14: =IFERROR(__xludf.DUMMYFUNCTION("IF(A14<>"""", IF(COUNTA(SPLIT(TRIM(A14), "" ""))=1, LOWER(TRIM(A14)) & ""@zupee.in"", LOWER(INDEX(SPLIT(TRIM(A14), "" ""), 1)) & ""."" & LOWER(INDEX(SPLIT(TRIM(A14), "" ""), COUNTA(SPLIT(TRIM(A14), "" "")))) & ""@zupee.in"" ), """&""")"),"")
B15: =IFERROR(__xludf.DUMMYFUNCTION("IF(A15<>"""", IF(COUNTA(SPLIT(TRIM(A15), "" ""))=1, LOWER(TRIM(A15)) & ""@zupee.in"", LOWER(INDEX(SPLIT(TRIM(A15), "" ""), 1)) & ""."" & LOWER(INDEX(SPLIT(TRIM(A15), "" ""), COUNTA(SPLIT(TRIM(A15), "" "")))) & ""@zupee.in"" ), """&""")"),"")
B16: =IFERROR(__xludf.DUMMYFUNCTION("IF(A16<>"""", IF(COUNTA(SPLIT(TRIM(A16), "" ""))=1, LOWER(TRIM(A16)) & ""@zupee.in"", LOWER(INDEX(SPLIT(TRIM(A16), "" ""), 1)) & ""."" & LOWER(INDEX(SPLIT(TRIM(A16), "" ""), COUNTA(SPLIT(TRIM(A16), "" "")))) & ""@zupee.in"" ), """&""")"),"")
B17: =IFERROR(__xludf.DUMMYFUNCTION("IF(A17<>"""", IF(COUNTA(SPLIT(TRIM(A17), "" ""))=1, LOWER(TRIM(A17)) & ""@zupee.in"", LOWER(INDEX(SPLIT(TRIM(A17), "" ""), 1)) & ""."" & LOWER(INDEX(SPLIT(TRIM(A17), "" ""), COUNTA(SPLIT(TRIM(A17), "" "")))) & ""@zupee.in"" ), """&""")"),"")
B18: =IFERROR(__xludf.DUMMYFUNCTION("IF(A18<>"""", IF(COUNTA(SPLIT(TRIM(A18), "" ""))=1, LOWER(TRIM(A18)) & ""@zupee.in"", LOWER(INDEX(SPLIT(TRIM(A18), "" ""), 1)) & ""."" & LOWER(INDEX(SPLIT(TRIM(A18), "" ""), COUNTA(SPLIT(TRIM(A18), "" "")))) & ""@zupee.in"" ), """&""")"),"")
B19: =IFERROR(__xludf.DUMMYFUNCTION("IF(A19<>"""", IF(COUNTA(SPLIT(TRIM(A19), "" ""))=1, LOWER(TRIM(A19)) & ""@zupee.in"", LOWER(INDEX(SPLIT(TRIM(A19), "" ""), 1)) & ""."" & LOWER(INDEX(SPLIT(TRIM(A19), "" ""), COUNTA(SPLIT(TRIM(A19), "" "")))) & ""@zupee.in"" ), """&""")"),"")
B20: =IFERROR(__xludf.DUMMYFUNCTION("IF(A20<>"""", IF(COUNTA(SPLIT(TRIM(A20), "" ""))=1, LOWER(TRIM(A20)) & ""@zupee.in"", LOWER(INDEX(SPLIT(TRIM(A20), "" ""), 1)) & ""."" & LOWER(INDEX(SPLIT(TRIM(A20), "" ""), COUNTA(SPLIT(TRIM(A20), "" "")))) & ""@zupee.in"" ), """&""")"),"")
B21: =IFERROR(__xludf.DUMMYFUNCTION("IF(A21<>"""", IF(COUNTA(SPLIT(TRIM(A21), "" ""))=1, LOWER(TRIM(A21)) & ""@zupee.in"", LOWER(INDEX(SPLIT(TRIM(A21), "" ""), 1)) & ""."" & LOWER(INDEX(SPLIT(TRIM(A21), "" ""), COUNTA(SPLIT(TRIM(A21), "" "")))) & ""@zupee.in"" ), """&""")"),"")
B22: =IFERROR(__xludf.DUMMYFUNCTION("IF(A22<>"""", IF(COUNTA(SPLIT(TRIM(A22), "" ""))=1, LOWER(TRIM(A22)) & ""@zupee.in"", LOWER(INDEX(SPLIT(TRIM(A22), "" ""), 1)) & ""."" & LOWER(INDEX(SPLIT(TRIM(A22), "" ""), COUNTA(SPLIT(TRIM(A22), "" "")))) & ""@zupee.in"" ), """&""")"),"")
B23: =IFERROR(__xludf.DUMMYFUNCTION("IF(A23<>"""", IF(COUNTA(SPLIT(TRIM(A23), "" ""))=1, LOWER(TRIM(A23)) & ""@zupee.in"", LOWER(INDEX(SPLIT(TRIM(A23), "" ""), 1)) & ""."" & LOWER(INDEX(SPLIT(TRIM(A23), "" ""), COUNTA(SPLIT(TRIM(A23), "" "")))) & ""@zupee.in"" ), """&""")"),"")
B24: =IFERROR(__xludf.DUMMYFUNCTION("IF(A24<>"""", IF(COUNTA(SPLIT(TRIM(A24), "" ""))=1, LOWER(TRIM(A24)) & ""@zupee.in"", LOWER(INDEX(SPLIT(TRIM(A24), "" ""), 1)) & ""."" & LOWER(INDEX(SPLIT(TRIM(A24), "" ""), COUNTA(SPLIT(TRIM(A24), "" "")))) & ""@zupee.in"" ), """&""")"),"")
B25: =IFERROR(__xludf.DUMMYFUNCTION("IF(A25<>"""", IF(COUNTA(SPLIT(TRIM(A25), "" ""))=1, LOWER(TRIM(A25)) & ""@zupee.in"", LOWER(INDEX(SPLIT(TRIM(A25), "" ""), 1)) & ""."" & LOWER(INDEX(SPLIT(TRIM(A25), "" ""), COUNTA(SPLIT(TRIM(A25), "" "")))) & ""@zupee.in"" ), """&""")"),"")
B26: =IFERROR(__xludf.DUMMYFUNCTION("IF(A26<>"""", IF(COUNTA(SPLIT(TRIM(A26), "" ""))=1, LOWER(TRIM(A26)) & ""@zupee.in"", LOWER(INDEX(SPLIT(TRIM(A26), "" ""), 1)) & ""."" & LOWER(INDEX(SPLIT(TRIM(A26), "" ""), COUNTA(SPLIT(TRIM(A26), "" "")))) & ""@zupee.in"" ), """&""")"),"")
B27: =IFERROR(__xludf.DUMMYFUNCTION("IF(A27<>"""", IF(COUNTA(SPLIT(TRIM(A27), "" ""))=1, LOWER(TRIM(A27)) & ""@zupee.in"", LOWER(INDEX(SPLIT(TRIM(A27), "" ""), 1)) & ""."" & LOWER(INDEX(SPLIT(TRIM(A27), "" ""), COUNTA(SPLIT(TRIM(A27), "" "")))) & ""@zupee.in"" ), """&""")"),"")
B28: =IFERROR(__xludf.DUMMYFUNCTION("IF(A28<>"""", IF(COUNTA(SPLIT(TRIM(A28), "" ""))=1, LOWER(TRIM(A28)) & ""@zupee.in"", LOWER(INDEX(SPLIT(TRIM(A28), "" ""), 1)) & ""."" & LOWER(INDEX(SPLIT(TRIM(A28), "" ""), COUNTA(SPLIT(TRIM(A28), "" "")))) & ""@zupee.in"" ), """&""")"),"")
B29: =IFERROR(__xludf.DUMMYFUNCTION("IF(A29<>"""", IF(COUNTA(SPLIT(TRIM(A29), "" ""))=1, LOWER(TRIM(A29)) & ""@zupee.in"", LOWER(INDEX(SPLIT(TRIM(A29), "" ""), 1)) & ""."" & LOWER(INDEX(SPLIT(TRIM(A29), "" ""), COUNTA(SPLIT(TRIM(A29), "" "")))) & ""@zupee.in"" ), """&""")"),"")
B30: =IFERROR(__xludf.DUMMYFUNCTION("IF(A30<>"""", IF(COUNTA(SPLIT(TRIM(A30), "" ""))=1, LOWER(TRIM(A30)) & ""@zupee.in"", LOWER(INDEX(SPLIT(TRIM(A30), "" ""), 1)) & ""."" & LOWER(INDEX(SPLIT(TRIM(A30), "" ""), COUNTA(SPLIT(TRIM(A30), "" "")))) & ""@zupee.in"" ), """&""")"),"")
B31: =IFERROR(__xludf.DUMMYFUNCTION("IF(A31<>"""", IF(COUNTA(SPLIT(TRIM(A31), "" ""))=1, LOWER(TRIM(A31)) & ""@zupee.in"", LOWER(INDEX(SPLIT(TRIM(A31), "" ""), 1)) & ""."" & LOWER(INDEX(SPLIT(TRIM(A31), "" ""), COUNTA(SPLIT(TRIM(A31), "" "")))) & ""@zupee.in"" ), """&""")"),"")
B32: =IFERROR(__xludf.DUMMYFUNCTION("IF(A32<>"""", IF(COUNTA(SPLIT(TRIM(A32), "" ""))=1, LOWER(TRIM(A32)) & ""@zupee.in"", LOWER(INDEX(SPLIT(TRIM(A32), "" ""), 1)) & ""."" & LOWER(INDEX(SPLIT(TRIM(A32), "" ""), COUNTA(SPLIT(TRIM(A32), "" "")))) & ""@zupee.in"" ), """&""")"),"")
B33: =IFERROR(__xludf.DUMMYFUNCTION("IF(A33<>"""", IF(COUNTA(SPLIT(TRIM(A33), "" ""))=1, LOWER(TRIM(A33)) & ""@zupee.in"", LOWER(INDEX(SPLIT(TRIM(A33), "" ""), 1)) & ""."" & LOWER(INDEX(SPLIT(TRIM(A33), "" ""), COUNTA(SPLIT(TRIM(A33), "" "")))) & ""@zupee.in"" ), """&""")"),"")
B34: =IFERROR(__xludf.DUMMYFUNCTION("IF(A34<>"""", IF(COUNTA(SPLIT(TRIM(A34), "" ""))=1, LOWER(TRIM(A34)) & ""@zupee.in"", LOWER(INDEX(SPLIT(TRIM(A34), "" ""), 1)) & ""."" & LOWER(INDEX(SPLIT(TRIM(A34), "" ""), COUNTA(SPLIT(TRIM(A34), "" "")))) & ""@zupee.in"" ), """&""")"),"")
B35: =IFERROR(__xludf.DUMMYFUNCTION("IF(A35<>"""", IF(COUNTA(SPLIT(TRIM(A35), "" ""))=1, LOWER(TRIM(A35)) & ""@zupee.in"", LOWER(INDEX(SPLIT(TRIM(A35), "" ""), 1)) & ""."" & LOWER(INDEX(SPLIT(TRIM(A35), "" ""), COUNTA(SPLIT(TRIM(A35), "" "")))) & ""@zupee.in"" ), """&""")"),"")
B36: =IFERROR(__xludf.DUMMYFUNCTION("IF(A36<>"""", IF(COUNTA(SPLIT(TRIM(A36), "" ""))=1, LOWER(TRIM(A36)) & ""@zupee.in"", LOWER(INDEX(SPLIT(TRIM(A36), "" ""), 1)) & ""."" & LOWER(INDEX(SPLIT(TRIM(A36), "" ""), COUNTA(SPLIT(TRIM(A36), "" "")))) & ""@zupee.in"" ), """&""")"),"")
B37: =IFERROR(__xludf.DUMMYFUNCTION("IF(A37<>"""", IF(COUNTA(SPLIT(TRIM(A37), "" ""))=1, LOWER(TRIM(A37)) & ""@zupee.in"", LOWER(INDEX(SPLIT(TRIM(A37), "" ""), 1)) & ""."" & LOWER(INDEX(SPLIT(TRIM(A37), "" ""), COUNTA(SPLIT(TRIM(A37), "" "")))) & ""@zupee.in"" ), """&""")"),"")
B38: =IFERROR(__xludf.DUMMYFUNCTION("IF(A38<>"""", IF(COUNTA(SPLIT(TRIM(A38), "" ""))=1, LOWER(TRIM(A38)) & ""@zupee.in"", LOWER(INDEX(SPLIT(TRIM(A38), "" ""), 1)) & ""."" & LOWER(INDEX(SPLIT(TRIM(A38), "" ""), COUNTA(SPLIT(TRIM(A38), "" "")))) & ""@zupee.in"" ), """&""")"),"")
B39: =IFERROR(__xludf.DUMMYFUNCTION("IF(A39<>"""", IF(COUNTA(SPLIT(TRIM(A39), "" ""))=1, LOWER(TRIM(A39)) & ""@zupee.in"", LOWER(INDEX(SPLIT(TRIM(A39), "" ""), 1)) & ""."" & LOWER(INDEX(SPLIT(TRIM(A39), "" ""), COUNTA(SPLIT(TRIM(A39), "" "")))) & ""@zupee.in"" ), """&""")"),"")
B40: =IFERROR(__xludf.DUMMYFUNCTION("IF(A40<>"""", IF(COUNTA(SPLIT(TRIM(A40), "" ""))=1, LOWER(TRIM(A40)) & ""@zupee.in"", LOWER(INDEX(SPLIT(TRIM(A40), "" ""), 1)) & ""."" & LOWER(INDEX(SPLIT(TRIM(A40), "" ""), COUNTA(SPLIT(TRIM(A40), "" "")))) & ""@zupee.in"" ), """&""")"),"")
B41: =IFERROR(__xludf.DUMMYFUNCTION("IF(A41<>"""", IF(COUNTA(SPLIT(TRIM(A41), "" ""))=1, LOWER(TRIM(A41)) & ""@zupee.in"", LOWER(INDEX(SPLIT(TRIM(A41), "" ""), 1)) & ""."" & LOWER(INDEX(SPLIT(TRIM(A41), "" ""), COUNTA(SPLIT(TRIM(A41), "" "")))) & ""@zupee.in"" ), """&""")"),"")
B42: =IFERROR(__xludf.DUMMYFUNCTION("IF(A42<>"""", IF(COUNTA(SPLIT(TRIM(A42), "" ""))=1, LOWER(TRIM(A42)) & ""@zupee.in"", LOWER(INDEX(SPLIT(TRIM(A42), "" ""), 1)) & ""."" & LOWER(INDEX(SPLIT(TRIM(A42), "" ""), COUNTA(SPLIT(TRIM(A42), "" "")))) & ""@zupee.in"" ), """&""")"),"")
B43: =IFERROR(__xludf.DUMMYFUNCTION("IF(A43<>"""", IF(COUNTA(SPLIT(TRIM(A43), "" ""))=1, LOWER(TRIM(A43)) & ""@zupee.in"", LOWER(INDEX(SPLIT(TRIM(A43), "" ""), 1)) & ""."" & LOWER(INDEX(SPLIT(TRIM(A43), "" ""), COUNTA(SPLIT(TRIM(A43), "" "")))) & ""@zupee.in"" ), """&""")"),"")
B44: =IFERROR(__xludf.DUMMYFUNCTION("IF(A44<>"""", IF(COUNTA(SPLIT(TRIM(A44), "" ""))=1, LOWER(TRIM(A44)) & ""@zupee.in"", LOWER(INDEX(SPLIT(TRIM(A44), "" ""), 1)) & ""."" & LOWER(INDEX(SPLIT(TRIM(A44), "" ""), COUNTA(SPLIT(TRIM(A44), "" "")))) & ""@zupee.in"" ), """&""")"),"")
B45: =IFERROR(__xludf.DUMMYFUNCTION("IF(A45<>"""", IF(COUNTA(SPLIT(TRIM(A45), "" ""))=1, LOWER(TRIM(A45)) & ""@zupee.in"", LOWER(INDEX(SPLIT(TRIM(A45), "" ""), 1)) & ""."" & LOWER(INDEX(SPLIT(TRIM(A45), "" ""), COUNTA(SPLIT(TRIM(A45), "" "")))) & ""@zupee.in"" ), """&""")"),"")
B46: =IFERROR(__xludf.DUMMYFUNCTION("IF(A46<>"""", IF(COUNTA(SPLIT(TRIM(A46), "" ""))=1, LOWER(TRIM(A46)) & ""@zupee.in"", LOWER(INDEX(SPLIT(TRIM(A46), "" ""), 1)) & ""."" & LOWER(INDEX(SPLIT(TRIM(A46), "" ""), COUNTA(SPLIT(TRIM(A46), "" "")))) & ""@zupee.in"" ), """&""")"),"")
B47: =IFERROR(__xludf.DUMMYFUNCTION("IF(A47<>"""", IF(COUNTA(SPLIT(TRIM(A47), "" ""))=1, LOWER(TRIM(A47)) & ""@zupee.in"", LOWER(INDEX(SPLIT(TRIM(A47), "" ""), 1)) & ""."" & LOWER(INDEX(SPLIT(TRIM(A47), "" ""), COUNTA(SPLIT(TRIM(A47), "" "")))) & ""@zupee.in"" ), """&""")"),"")
B48: =IFERROR(__xludf.DUMMYFUNCTION("IF(A48<>"""", IF(COUNTA(SPLIT(TRIM(A48), "" ""))=1, LOWER(TRIM(A48)) & ""@zupee.in"", LOWER(INDEX(SPLIT(TRIM(A48), "" ""), 1)) & ""."" & LOWER(INDEX(SPLIT(TRIM(A48), "" ""), COUNTA(SPLIT(TRIM(A48), "" "")))) & ""@zupee.in"" ), """&""")"),"")
B49: =IFERROR(__xludf.DUMMYFUNCTION("IF(A49<>"""", IF(COUNTA(SPLIT(TRIM(A49), "" ""))=1, LOWER(TRIM(A49)) & ""@zupee.in"", LOWER(INDEX(SPLIT(TRIM(A49), "" ""), 1)) & ""."" & LOWER(INDEX(SPLIT(TRIM(A49), "" ""), COUNTA(SPLIT(TRIM(A49), "" "")))) & ""@zupee.in"" ), """&""")"),"")
B50: =IFERROR(__xludf.DUMMYFUNCTION("IF(A50<>"""", IF(COUNTA(SPLIT(TRIM(A50), "" ""))=1, LOWER(TRIM(A50)) & ""@zupee.in"", LOWER(INDEX(SPLIT(TRIM(A50), "" ""), 1)) & ""."" & LOWER(INDEX(SPLIT(TRIM(A50), "" ""), COUNTA(SPLIT(TRIM(A50), "" "")))) & ""@zupee.in"" ), """&""")"),"")
B51: =IFERROR(__xludf.DUMMYFUNCTION("IF(A51<>"""", IF(COUNTA(SPLIT(TRIM(A51), "" ""))=1, LOWER(TRIM(A51)) & ""@zupee.in"", LOWER(INDEX(SPLIT(TRIM(A51), "" ""), 1)) & ""."" & LOWER(INDEX(SPLIT(TRIM(A51), "" ""), COUNTA(SPLIT(TRIM(A51), "" "")))) & ""@zupee.in"" ), """&""")"),"")
B52: =IFERROR(__xludf.DUMMYFUNCTION("IF(A52<>"""", IF(COUNTA(SPLIT(TRIM(A52), "" ""))=1, LOWER(TRIM(A52)) & ""@zupee.in"", LOWER(INDEX(SPLIT(TRIM(A52), "" ""), 1)) & ""."" & LOWER(INDEX(SPLIT(TRIM(A52), "" ""), COUNTA(SPLIT(TRIM(A52), "" "")))) & ""@zupee.in"" ), """&""")"),"")
B53: =IFERROR(__xludf.DUMMYFUNCTION("IF(A53<>"""", IF(COUNTA(SPLIT(TRIM(A53), "" ""))=1, LOWER(TRIM(A53)) & ""@zupee.in"", LOWER(INDEX(SPLIT(TRIM(A53), "" ""), 1)) & ""."" & LOWER(INDEX(SPLIT(TRIM(A53), "" ""), COUNTA(SPLIT(TRIM(A53), "" "")))) & ""@zupee.in"" ), """&""")"),"")
B54: =IFERROR(__xludf.DUMMYFUNCTION("IF(A54<>"""", IF(COUNTA(SPLIT(TRIM(A54), "" ""))=1, LOWER(TRIM(A54)) & ""@zupee.in"", LOWER(INDEX(SPLIT(TRIM(A54), "" ""), 1)) & ""."" & LOWER(INDEX(SPLIT(TRIM(A54), "" ""), COUNTA(SPLIT(TRIM(A54), "" "")))) & ""@zupee.in"" ), """&""")"),"")
B55: =IFERROR(__xludf.DUMMYFUNCTION("IF(A55<>"""", IF(COUNTA(SPLIT(TRIM(A55), "" ""))=1, LOWER(TRIM(A55)) & ""@zupee.in"", LOWER(INDEX(SPLIT(TRIM(A55), "" ""), 1)) & ""."" & LOWER(INDEX(SPLIT(TRIM(A55), "" ""), COUNTA(SPLIT(TRIM(A55), "" "")))) & ""@zupee.in"" ), """&""")"),"")
B56: =IFERROR(__xludf.DUMMYFUNCTION("IF(A56<>"""", IF(COUNTA(SPLIT(TRIM(A56), "" ""))=1, LOWER(TRIM(A56)) & ""@zupee.in"", LOWER(INDEX(SPLIT(TRIM(A56), "" ""), 1)) & ""."" & LOWER(INDEX(SPLIT(TRIM(A56), "" ""), COUNTA(SPLIT(TRIM(A56), "" "")))) & ""@zupee.in"" ), """&""")"),"")
B57: =IFERROR(__xludf.DUMMYFUNCTION("IF(A57<>"""", IF(COUNTA(SPLIT(TRIM(A57), "" ""))=1, LOWER(TRIM(A57)) & ""@zupee.in"", LOWER(INDEX(SPLIT(TRIM(A57), "" ""), 1)) & ""."" & LOWER(INDEX(SPLIT(TRIM(A57), "" ""), COUNTA(SPLIT(TRIM(A57), "" "")))) & ""@zupee.in"" ), """&""")"),"")
B58: =IFERROR(__xludf.DUMMYFUNCTION("IF(A58<>"""", IF(COUNTA(SPLIT(TRIM(A58), "" ""))=1, LOWER(TRIM(A58)) & ""@zupee.in"", LOWER(INDEX(SPLIT(TRIM(A58), "" ""), 1)) & ""."" & LOWER(INDEX(SPLIT(TRIM(A58), "" ""), COUNTA(SPLIT(TRIM(A58), "" "")))) & ""@zupee.in"" ), """&""")"),"")
B59: =IFERROR(__xludf.DUMMYFUNCTION("IF(A59<>"""", IF(COUNTA(SPLIT(TRIM(A59), "" ""))=1, LOWER(TRIM(A59)) & ""@zupee.in"", LOWER(INDEX(SPLIT(TRIM(A59), "" ""), 1)) & ""."" & LOWER(INDEX(SPLIT(TRIM(A59), "" ""), COUNTA(SPLIT(TRIM(A59), "" "")))) & ""@zupee.in"" ), """&""")"),"")
B60: =IFERROR(__xludf.DUMMYFUNCTION("IF(A60<>"""", IF(COUNTA(SPLIT(TRIM(A60), "" ""))=1, LOWER(TRIM(A60)) & ""@zupee.in"", LOWER(INDEX(SPLIT(TRIM(A60), "" ""), 1)) & ""."" & LOWER(INDEX(SPLIT(TRIM(A60), "" ""), COUNTA(SPLIT(TRIM(A60), "" "")))) & ""@zupee.in"" ), """&""")"),"")
B61: =IFERROR(__xludf.DUMMYFUNCTION("IF(A61<>"""", IF(COUNTA(SPLIT(TRIM(A61), "" ""))=1, LOWER(TRIM(A61)) & ""@zupee.in"", LOWER(INDEX(SPLIT(TRIM(A61), "" ""), 1)) & ""."" & LOWER(INDEX(SPLIT(TRIM(A61), "" ""), COUNTA(SPLIT(TRIM(A61), "" "")))) & ""@zupee.in"" ), """&""")"),"")
B62: =IFERROR(__xludf.DUMMYFUNCTION("IF(A62<>"""", IF(COUNTA(SPLIT(TRIM(A62), "" ""))=1, LOWER(TRIM(A62)) & ""@zupee.in"", LOWER(INDEX(SPLIT(TRIM(A62), "" ""), 1)) & ""."" & LOWER(INDEX(SPLIT(TRIM(A62), "" ""), COUNTA(SPLIT(TRIM(A62), "" "")))) & ""@zupee.in"" ), """&""")"),"")
B63: =IFERROR(__xludf.DUMMYFUNCTION("IF(A63<>"""", IF(COUNTA(SPLIT(TRIM(A63), "" ""))=1, LOWER(TRIM(A63)) & ""@zupee.in"", LOWER(INDEX(SPLIT(TRIM(A63), "" ""), 1)) & ""."" & LOWER(INDEX(SPLIT(TRIM(A63), "" ""), COUNTA(SPLIT(TRIM(A63), "" "")))) & ""@zupee.in"" ), """&""")"),"")
B64: =IFERROR(__xludf.DUMMYFUNCTION("IF(A64<>"""", IF(COUNTA(SPLIT(TRIM(A64), "" ""))=1, LOWER(TRIM(A64)) & ""@zupee.in"", LOWER(INDEX(SPLIT(TRIM(A64), "" ""), 1)) & ""."" & LOWER(INDEX(SPLIT(TRIM(A64), "" ""), COUNTA(SPLIT(TRIM(A64), "" "")))) & ""@zupee.in"" ), """&""")"),"")
B65: =IFERROR(__xludf.DUMMYFUNCTION("IF(A65<>"""", IF(COUNTA(SPLIT(TRIM(A65), "" ""))=1, LOWER(TRIM(A65)) & ""@zupee.in"", LOWER(INDEX(SPLIT(TRIM(A65), "" ""), 1)) & ""."" & LOWER(INDEX(SPLIT(TRIM(A65), "" ""), COUNTA(SPLIT(TRIM(A65), "" "")))) & ""@zupee.in"" ), """&""")"),"")
B66: =IFERROR(__xludf.DUMMYFUNCTION("IF(A66<>"""", IF(COUNTA(SPLIT(TRIM(A66), "" ""))=1, LOWER(TRIM(A66)) & ""@zupee.in"", LOWER(INDEX(SPLIT(TRIM(A66), "" ""), 1)) & ""."" & LOWER(INDEX(SPLIT(TRIM(A66), "" ""), COUNTA(SPLIT(TRIM(A66), "" "")))) & ""@zupee.in"" ), """&""")"),"")
B67: =IFERROR(__xludf.DUMMYFUNCTION("IF(A67<>"""", IF(COUNTA(SPLIT(TRIM(A67), "" ""))=1, LOWER(TRIM(A67)) & ""@zupee.in"", LOWER(INDEX(SPLIT(TRIM(A67), "" ""), 1)) & ""."" & LOWER(INDEX(SPLIT(TRIM(A67), "" ""), COUNTA(SPLIT(TRIM(A67), "" "")))) & ""@zupee.in"" ), """&""")"),"")
B68: =IFERROR(__xludf.DUMMYFUNCTION("IF(A68<>"""", IF(COUNTA(SPLIT(TRIM(A68), "" ""))=1, LOWER(TRIM(A68)) & ""@zupee.in"", LOWER(INDEX(SPLIT(TRIM(A68), "" ""), 1)) & ""."" & LOWER(INDEX(SPLIT(TRIM(A68), "" ""), COUNTA(SPLIT(TRIM(A68), "" "")))) & ""@zupee.in"" ), """&""")"),"")
B69: =IFERROR(__xludf.DUMMYFUNCTION("IF(A69<>"""", IF(COUNTA(SPLIT(TRIM(A69), "" ""))=1, LOWER(TRIM(A69)) & ""@zupee.in"", LOWER(INDEX(SPLIT(TRIM(A69), "" ""), 1)) & ""."" & LOWER(INDEX(SPLIT(TRIM(A69), "" ""), COUNTA(SPLIT(TRIM(A69), "" "")))) & ""@zupee.in"" ), """&""")"),"")
B70: =IFERROR(__xludf.DUMMYFUNCTION("IF(A70<>"""", IF(COUNTA(SPLIT(TRIM(A70), "" ""))=1, LOWER(TRIM(A70)) & ""@zupee.in"", LOWER(INDEX(SPLIT(TRIM(A70), "" ""), 1)) & ""."" & LOWER(INDEX(SPLIT(TRIM(A70), "" ""), COUNTA(SPLIT(TRIM(A70), "" "")))) & ""@zupee.in"" ), """&""")"),"")
B71: =IFERROR(__xludf.DUMMYFUNCTION("IF(A71<>"""", IF(COUNTA(SPLIT(TRIM(A71), "" ""))=1, LOWER(TRIM(A71)) & ""@zupee.in"", LOWER(INDEX(SPLIT(TRIM(A71), "" ""), 1)) & ""."" & LOWER(INDEX(SPLIT(TRIM(A71), "" ""), COUNTA(SPLIT(TRIM(A71), "" "")))) & ""@zupee.in"" ), """&""")"),"")
B72: =IFERROR(__xludf.DUMMYFUNCTION("IF(A72<>"""", IF(COUNTA(SPLIT(TRIM(A72), "" ""))=1, LOWER(TRIM(A72)) & ""@zupee.in"", LOWER(INDEX(SPLIT(TRIM(A72), "" ""), 1)) & ""."" & LOWER(INDEX(SPLIT(TRIM(A72), "" ""), COUNTA(SPLIT(TRIM(A72), "" "")))) & ""@zupee.in"" ), """&""")"),"")
B73: =IFERROR(__xludf.DUMMYFUNCTION("IF(A73<>"""", IF(COUNTA(SPLIT(TRIM(A73), "" ""))=1, LOWER(TRIM(A73)) & ""@zupee.in"", LOWER(INDEX(SPLIT(TRIM(A73), "" ""), 1)) & ""."" & LOWER(INDEX(SPLIT(TRIM(A73), "" ""), COUNTA(SPLIT(TRIM(A73), "" "")))) & ""@zupee.in"" ), """&""")"),"")
B74: =IFERROR(__xludf.DUMMYFUNCTION("IF(A74<>"""", IF(COUNTA(SPLIT(TRIM(A74), "" ""))=1, LOWER(TRIM(A74)) & ""@zupee.in"", LOWER(INDEX(SPLIT(TRIM(A74), "" ""), 1)) & ""."" & LOWER(INDEX(SPLIT(TRIM(A74), "" ""), COUNTA(SPLIT(TRIM(A74), "" "")))) & ""@zupee.in"" ), """&""")"),"")
B75: =IFERROR(__xludf.DUMMYFUNCTION("IF(A75<>"""", IF(COUNTA(SPLIT(TRIM(A75), "" ""))=1, LOWER(TRIM(A75)) & ""@zupee.in"", LOWER(INDEX(SPLIT(TRIM(A75), "" ""), 1)) & ""."" & LOWER(INDEX(SPLIT(TRIM(A75), "" ""), COUNTA(SPLIT(TRIM(A75), "" "")))) & ""@zupee.in"" ), """&""")"),"")
B76: =IFERROR(__xludf.DUMMYFUNCTION("IF(A76<>"""", IF(COUNTA(SPLIT(TRIM(A76), "" ""))=1, LOWER(TRIM(A76)) & ""@zupee.in"", LOWER(INDEX(SPLIT(TRIM(A76), "" ""), 1)) & ""."" & LOWER(INDEX(SPLIT(TRIM(A76), "" ""), COUNTA(SPLIT(TRIM(A76), "" "")))) & ""@zupee.in"" ), """&""")"),"")
B77: =IFERROR(__xludf.DUMMYFUNCTION("IF(A77<>"""", IF(COUNTA(SPLIT(TRIM(A77), "" ""))=1, LOWER(TRIM(A77)) & ""@zupee.in"", LOWER(INDEX(SPLIT(TRIM(A77), "" ""), 1)) & ""."" & LOWER(INDEX(SPLIT(TRIM(A77), "" ""), COUNTA(SPLIT(TRIM(A77), "" "")))) & ""@zupee.in"" ), """&""")"),"")
B78: =IFERROR(__xludf.DUMMYFUNCTION("IF(A78<>"""", IF(COUNTA(SPLIT(TRIM(A78), "" ""))=1, LOWER(TRIM(A78)) & ""@zupee.in"", LOWER(INDEX(SPLIT(TRIM(A78), "" ""), 1)) & ""."" & LOWER(INDEX(SPLIT(TRIM(A78), "" ""), COUNTA(SPLIT(TRIM(A78), "" "")))) & ""@zupee.in"" ), """&""")"),"")
B79: =IFERROR(__xludf.DUMMYFUNCTION("IF(A79<>"""", IF(COUNTA(SPLIT(TRIM(A79), "" ""))=1, LOWER(TRIM(A79)) & ""@zupee.in"", LOWER(INDEX(SPLIT(TRIM(A79), "" ""), 1)) & ""."" & LOWER(INDEX(SPLIT(TRIM(A79), "" ""), COUNTA(SPLIT(TRIM(A79), "" "")))) & ""@zupee.in"" ), """&""")"),"")
B80: =IFERROR(__xludf.DUMMYFUNCTION("IF(A80<>"""", IF(COUNTA(SPLIT(TRIM(A80), "" ""))=1, LOWER(TRIM(A80)) & ""@zupee.in"", LOWER(INDEX(SPLIT(TRIM(A80), "" ""), 1)) & ""."" & LOWER(INDEX(SPLIT(TRIM(A80), "" ""), COUNTA(SPLIT(TRIM(A80), "" "")))) & ""@zupee.in"" ), """&""")"),"")
B81: =IFERROR(__xludf.DUMMYFUNCTION("IF(A81<>"""", IF(COUNTA(SPLIT(TRIM(A81), "" ""))=1, LOWER(TRIM(A81)) & ""@zupee.in"", LOWER(INDEX(SPLIT(TRIM(A81), "" ""), 1)) & ""."" & LOWER(INDEX(SPLIT(TRIM(A81), "" ""), COUNTA(SPLIT(TRIM(A81), "" "")))) & ""@zupee.in"" ), """&""")"),"")
B82: =IFERROR(__xludf.DUMMYFUNCTION("IF(A82<>"""", IF(COUNTA(SPLIT(TRIM(A82), "" ""))=1, LOWER(TRIM(A82)) & ""@zupee.in"", LOWER(INDEX(SPLIT(TRIM(A82), "" ""), 1)) & ""."" & LOWER(INDEX(SPLIT(TRIM(A82), "" ""), COUNTA(SPLIT(TRIM(A82), "" "")))) & ""@zupee.in"" ), """&""")"),"")
B83: =IFERROR(__xludf.DUMMYFUNCTION("IF(A83<>"""", IF(COUNTA(SPLIT(TRIM(A83), "" ""))=1, LOWER(TRIM(A83)) & ""@zupee.in"", LOWER(INDEX(SPLIT(TRIM(A83), "" ""), 1)) & ""."" & LOWER(INDEX(SPLIT(TRIM(A83), "" ""), COUNTA(SPLIT(TRIM(A83), "" "")))) & ""@zupee.in"" ), """&""")"),"")
B84: =IFERROR(__xludf.DUMMYFUNCTION("IF(A84<>"""", IF(COUNTA(SPLIT(TRIM(A84), "" ""))=1, LOWER(TRIM(A84)) & ""@zupee.in"", LOWER(INDEX(SPLIT(TRIM(A84), "" ""), 1)) & ""."" & LOWER(INDEX(SPLIT(TRIM(A84), "" ""), COUNTA(SPLIT(TRIM(A84), "" "")))) & ""@zupee.in"" ), """&""")"),"")
B85: =IFERROR(__xludf.DUMMYFUNCTION("IF(A85<>"""", IF(COUNTA(SPLIT(TRIM(A85), "" ""))=1, LOWER(TRIM(A85)) & ""@zupee.in"", LOWER(INDEX(SPLIT(TRIM(A85), "" ""), 1)) & ""."" & LOWER(INDEX(SPLIT(TRIM(A85), "" ""), COUNTA(SPLIT(TRIM(A85), "" "")))) & ""@zupee.in"" ), """&""")"),"")
B86: =IFERROR(__xludf.DUMMYFUNCTION("IF(A86<>"""", IF(COUNTA(SPLIT(TRIM(A86), "" ""))=1, LOWER(TRIM(A86)) & ""@zupee.in"", LOWER(INDEX(SPLIT(TRIM(A86), "" ""), 1)) & ""."" & LOWER(INDEX(SPLIT(TRIM(A86), "" ""), COUNTA(SPLIT(TRIM(A86), "" "")))) & ""@zupee.in"" ), """&""")"),"")
B87: =IFERROR(__xludf.DUMMYFUNCTION("IF(A87<>"""", IF(COUNTA(SPLIT(TRIM(A87), "" ""))=1, LOWER(TRIM(A87)) & ""@zupee.in"", LOWER(INDEX(SPLIT(TRIM(A87), "" ""), 1)) & ""."" & LOWER(INDEX(SPLIT(TRIM(A87), "" ""), COUNTA(SPLIT(TRIM(A87), "" "")))) & ""@zupee.in"" ), """&""")"),"")
B88: =IFERROR(__xludf.DUMMYFUNCTION("IF(A88<>"""", IF(COUNTA(SPLIT(TRIM(A88), "" ""))=1, LOWER(TRIM(A88)) & ""@zupee.in"", LOWER(INDEX(SPLIT(TRIM(A88), "" ""), 1)) & ""."" & LOWER(INDEX(SPLIT(TRIM(A88), "" ""), COUNTA(SPLIT(TRIM(A88), "" "")))) & ""@zupee.in"" ), """&""")"),"")
B89: =IFERROR(__xludf.DUMMYFUNCTION("IF(A89<>"""", IF(COUNTA(SPLIT(TRIM(A89), "" ""))=1, LOWER(TRIM(A89)) & ""@zupee.in"", LOWER(INDEX(SPLIT(TRIM(A89), "" ""), 1)) & ""."" & LOWER(INDEX(SPLIT(TRIM(A89), "" ""), COUNTA(SPLIT(TRIM(A89), "" "")))) & ""@zupee.in"" ), """&""")"),"")
B90: =IFERROR(__xludf.DUMMYFUNCTION("IF(A90<>"""", IF(COUNTA(SPLIT(TRIM(A90), "" ""))=1, LOWER(TRIM(A90)) & ""@zupee.in"", LOWER(INDEX(SPLIT(TRIM(A90), "" ""), 1)) & ""."" & LOWER(INDEX(SPLIT(TRIM(A90), "" ""), COUNTA(SPLIT(TRIM(A90), "" "")))) & ""@zupee.in"" ), """&""")"),"")
B91: =IFERROR(__xludf.DUMMYFUNCTION("IF(A91<>"""", IF(COUNTA(SPLIT(TRIM(A91), "" ""))=1, LOWER(TRIM(A91)) & ""@zupee.in"", LOWER(INDEX(SPLIT(TRIM(A91), "" ""), 1)) & ""."" & LOWER(INDEX(SPLIT(TRIM(A91), "" ""), COUNTA(SPLIT(TRIM(A91), "" "")))) & ""@zupee.in"" ), """&""")"),"")
B92: =IFERROR(__xludf.DUMMYFUNCTION("IF(A92<>"""", IF(COUNTA(SPLIT(TRIM(A92), "" ""))=1, LOWER(TRIM(A92)) & ""@zupee.in"", LOWER(INDEX(SPLIT(TRIM(A92), "" ""), 1)) & ""."" & LOWER(INDEX(SPLIT(TRIM(A92), "" ""), COUNTA(SPLIT(TRIM(A92), "" "")))) & ""@zupee.in"" ), """&""")"),"")
B93: =IFERROR(__xludf.DUMMYFUNCTION("IF(A93<>"""", IF(COUNTA(SPLIT(TRIM(A93), "" ""))=1, LOWER(TRIM(A93)) & ""@zupee.in"", LOWER(INDEX(SPLIT(TRIM(A93), "" ""), 1)) & ""."" & LOWER(INDEX(SPLIT(TRIM(A93), "" ""), COUNTA(SPLIT(TRIM(A93), "" "")))) & ""@zupee.in"" ), """&""")"),"")
B94: =IFERROR(__xludf.DUMMYFUNCTION("IF(A94<>"""", IF(COUNTA(SPLIT(TRIM(A94), "" ""))=1, LOWER(TRIM(A94)) & ""@zupee.in"", LOWER(INDEX(SPLIT(TRIM(A94), "" ""), 1)) & ""."" & LOWER(INDEX(SPLIT(TRIM(A94), "" ""), COUNTA(SPLIT(TRIM(A94), "" "")))) & ""@zupee.in"" ), """&""")"),"")
B95: =IFERROR(__xludf.DUMMYFUNCTION("IF(A95<>"""", IF(COUNTA(SPLIT(TRIM(A95), "" ""))=1, LOWER(TRIM(A95)) & ""@zupee.in"", LOWER(INDEX(SPLIT(TRIM(A95), "" ""), 1)) & ""."" & LOWER(INDEX(SPLIT(TRIM(A95), "" ""), COUNTA(SPLIT(TRIM(A95), "" "")))) & ""@zupee.in"" ), """&""")"),"")
B96: =IFERROR(__xludf.DUMMYFUNCTION("IF(A96<>"""", IF(COUNTA(SPLIT(TRIM(A96), "" ""))=1, LOWER(TRIM(A96)) & ""@zupee.in"", LOWER(INDEX(SPLIT(TRIM(A96), "" ""), 1)) & ""."" & LOWER(INDEX(SPLIT(TRIM(A96), "" ""), COUNTA(SPLIT(TRIM(A96), "" "")))) & ""@zupee.in"" ), """&""")"),"")
B97: =IFERROR(__xludf.DUMMYFUNCTION("IF(A97<>"""", IF(COUNTA(SPLIT(TRIM(A97), "" ""))=1, LOWER(TRIM(A97)) & ""@zupee.in"", LOWER(INDEX(SPLIT(TRIM(A97), "" ""), 1)) & ""."" & LOWER(INDEX(SPLIT(TRIM(A97), "" ""), COUNTA(SPLIT(TRIM(A97), "" "")))) & ""@zupee.in"" ), """&""")"),"")
B98: =IFERROR(__xludf.DUMMYFUNCTION("IF(A98<>"""", IF(COUNTA(SPLIT(TRIM(A98), "" ""))=1, LOWER(TRIM(A98)) & ""@zupee.in"", LOWER(INDEX(SPLIT(TRIM(A98), "" ""), 1)) & ""."" & LOWER(INDEX(SPLIT(TRIM(A98), "" ""), COUNTA(SPLIT(TRIM(A98), "" "")))) & ""@zupee.in"" ), """&""")"),"")
B99: =IFERROR(__xludf.DUMMYFUNCTION("IF(A99<>"""", IF(COUNTA(SPLIT(TRIM(A99), "" ""))=1, LOWER(TRIM(A99)) & ""@zupee.in"", LOWER(INDEX(SPLIT(TRIM(A99), "" ""), 1)) & ""."" & LOWER(INDEX(SPLIT(TRIM(A99), "" ""), COUNTA(SPLIT(TRIM(A99), "" "")))) & ""@zupee.in"" ), """&""")"),"")
B100: =IFERROR(__xludf.DUMMYFUNCTION("IF(A100<>"""", IF(COUNTA(SPLIT(TRIM(A100), "" ""))=1, LOWER(TRIM(A100)) & ""@zupee.in"", LOWER(INDEX(SPLIT(TRIM(A100), "" ""), 1)) & ""."" & LOWER(INDEX(SPLIT(TRIM(A100), "" ""), COUNTA(SPLIT(TRIM(A100), "" "")))) & ""@zupee.in"" ), "&" """")"),"")
...

Sheet G Suite Bulk User Creation
A1: Actions | B1: FirstName 🔂 | C1: LastName 🔂 | D1: PrimaryEmail | E1: Password 🔂 | F1: OrgUnitPath | G1: RecoveryMobile | H1: RecoveryEmail | I1: ManagerEmail | J1: JobTitle | K1: Department 🔂 | L1: Status 🔂 | M1: LastUpdated 🔂
A2: Update | B2: =IFERROR(LEFT('Emp Info'!A2,SEARCH(" ",'Emp Info'!A2)-1),'Emp Info'!A2) -> Aman | C2: =IF(ISBLANK('Emp Info'!A2), "", IFERROR(RIGHT('Emp Info'!A2,LEN('Emp Info'!A2)-SEARCH(" ",'Emp Info'!A2,1)),".")) -> Hans | D2: =IFERROR(__xludf.DUMMYFUNCTION("IF('Emp Info'!A2<>"""", IF(COUNTA(SPLIT(TRIM('Emp Info'!A2), "" ""))=1, LOWER(TRIM('Emp Info'!A2)) & ""@zupee.in"", LOWER(INDEX(SPLIT(TRIM('Emp Info'!A2), "" ""), 1)) & ""."" & LOWER(INDEX(SPLIT(TRIM('Emp Info'!A2), "" ""), COUNTA(SPLIT(TRIM('Emp Info'!A2"&"), "" "")))) & ""@zupee.in"" ), """")"),"aman.hans@zupee.in") -> aman.hans@zupee.in | E2: =rpassword(16) -> QH2b9{dCF8Kg17YM | F2: / | K2: Technology | L2: User updated successfully at 2026-03-16 12:33:47 GMT+05:30. | M2: 2026-03-16 12:33:47 GMT+05:30
A3: Update | B3: =IFERROR(LEFT('Emp Info'!A3,SEARCH(" ",'Emp Info'!A3)-1),'Emp Info'!A3) -> Harshit | C3: =IF(ISBLANK('Emp Info'!A3), "", IFERROR(RIGHT('Emp Info'!A3,LEN('Emp Info'!A3)-SEARCH(" ",'Emp Info'!A3,1)),".")) -> Kumar Singh | D3: =IFERROR(__xludf.DUMMYFUNCTION("IF('Emp Info'!A3<>"""", IF(COUNTA(SPLIT(TRIM('Emp Info'!A3), "" ""))=1, LOWER(TRIM('Emp Info'!A3)) & ""@zupee.in"", LOWER(INDEX(SPLIT(TRIM('Emp Info'!A3), "" ""), 1)) & ""."" & LOWER(INDEX(SPLIT(TRIM('Emp Info'!A3), "" ""), COUNTA(SPLIT(TRIM('Emp Info'!A3"&"), "" "")))) & ""@zupee.in"" ), """")"),"harshit.singh@zupee.in") -> harshit.singh@zupee.in | E3: =rpassword(16) -> Ll$8PrYRRMHK6thW | F3: / | K3: Data | L3: User updated successfully at 2026-03-16 12:33:47 GMT+05:30. | M3: 2026-03-16 12:33:47 GMT+05:30

Sheet Bulk Email Creation
A1: Action | B1: FirstName 🔂 | C1: LastName 🔂 | D1: PrimaryEmail | E1: Password 🔂 | F1: OrgUnitPath | G1: RecoveryMobile | H1: RecoveryEmail | I1: Status🔂 | J1: Last Updated🔂
A2: Create | B2: Admin | C2: Neoastro | D2: admin_neoastro@zupee.in | E2: =rpassword(16) -> MnZFp2HLic8BZf@e | F2: / | G2: +918595233273
A3: Create | B3: Admin | C3: Vedicsankalp | D3: admin_vedicsankalp@zupee.in | E3: =rpassword(16) -> Tl$#348GtzyU9Qx3 | F3: / | G3: +918595233273
A4: Create | B4: Admin | C4: Zupeestudio | D4: admin_zupeestudio@zupee.in | E4: =rpassword(16) -> SbV5MrY#QtoKxIYL | F4: / | G4: +918595233273
A5: Create | B5: Admin | C5: zaplearn | D5: admin_zaplearn@zupee.in | E5: =rpassword(16) -> 87Afmr4Jfr2E}si/ | F5: / | G5: +918595233273
B8: =IFERROR(LEFT(#REF!,SEARCH(" ",#REF!)-1),#REF!) -> #REF! | C8: =IF(ISBLANK(#REF!), "", IFERROR(RIGHT(#REF!,LEN(#REF!)-SEARCH(" ",#REF!,1)),".")) -> . | D8: =IF(#REF!<>"", SUBSTITUTE(LOWER(#REF!), " ", ".") & "@zupee.in", "") -> #REF! | E8: =IF(D8<>"",rpassword(16),"") -> #REF!

Sheet BulkRemove|OFFBOARDING
A1: Actions | B1: PrimaryEmail | C1: Status 🔂 | D1: LastUpdated 🔂
A2: Delete | B2: jyoti.gupta@ludozing.com | C2: Deleted | D2: 2026-02-20 15:20:33 GMT+05:30
A3: Delete | B3: jyoti.gupta@cardspatti.com | C3: Deleted | D3: 2026-02-20 15:20:33 GMT+05:30

Sheet Add Group ID_Bulk
A1: UserEmail | B1: {={"GroupEmails 🔂"; IFERROR(VLOOKUP(C2:C40, 'Org Unit Path List'!D:E, 2, FALSE), "")}} -> GroupEmails 🔂 | C1: Employee Type | D1: Status
A2: ='G Suite Bulk User Creation'!D2 -> aman.hans@zupee.in | B2: all@zupee.in | C2: Full Time
A3: =#REF! -> #REF! | B3: all@zupee.in | C3: Contractual
A4: =#REF! -> #REF! | B4: all@zupee.in | C4: Full Time
A5: =#REF! -> #REF! | B5: all@zupee.in | C5: Full Time
A6: =#REF! -> #REF! | B6: all@zupee.in | C6: Contractual
A7: =#REF! -> #REF!
A8: =#REF! -> #REF!
A9: =#REF! -> #REF!
A10: =#REF! -> #REF!
A11: =#REF! -> #REF!
A12: =#REF! -> #REF!
A13: =#REF! -> #REF!
A14: =#REF! -> #REF!

Sheet 1 Group ID_Bulk
A1: UserEmail | B1: GroupEmails | C1: Status
A2: ishank.mehta@zupee.in | B2: in.zupee.domain.only@zupee.in | C2: Done: in.zupee.domain.only@zupee.in: Already member
A3: katha.tara@zupee.in | B3: in.zupee.domain.only@zupee.in | C3: Done: in.zupee.domain.only@zupee.in: Added
A4: sairam.mushyam@zupee.in | B4: in.zupee.domain.only@zupee.in | C4: Done: in.zupee.domain.only@zupee.in: Added
A5: mohit.garg@zupee.in | B5: in.zupee.domain.only@zupee.in | C5: Done: in.zupee.domain.only@zupee.in: Added
A6: ankit.madan@zupee.in | B6: in.zupee.domain.only@zupee.in | C6: Done: in.zupee.domain.only@zupee.in: Added

Sheet Remove All Members from Groups
A1: GroupEmail | B1: Status
B2: Done: 432 members removed out of 433 listed.

Sheet Org Unit Path List
A1: Emp Type | B1: OUP | D1: Emp Type | E1: Group IDs | G1: Action
A2: Permanent/ Intern/ Trainee | B2: /No-2SV | D2: Contractual | E2: all@zupee.in | G2: Create
A3: Consultant/ Contractual | B3: / | D3: Full Time | E3: all@zupee.in | G3: Update
B4: /MDM/Development | D4: Intern | E4: all@zupee.in
B5: /MDM/Google Drive External Sharing | D5: Trainee | E5: all@zupee.in
